nama_benar,nama_campuran
abdurrahman,ambnhrrauad
fairuzi,fairzui
gustian,gitsuna
rahmat,tarmha
fauzar,arfuaz
herzavina,aheaizvrn
nurhikmah,hkhimunra
zubaidah,zdhaaiub
alfajri,ijlarfa
desnando,sannodde
fauziah,uaiazfh
deswanto,seatndwo
firdaus,fusiadr
nikawati,akatniwi
andrianto,idortanan
firdaus,isrfuad
elennuari,rneaelinu
rianto,arniot
suliatun,unisatul
aszani,zanisa
ridho,hrdio
rosdina,nriasdo
supriadi,sipdauir
suriyani,sinaiyur
nurfatrianti,anaftuiintrr
rikal,klari
sumirah,rauhism
kasnanto,akostnna
sumirah,rmhusai
sakiyo,ysiaok
sarminah,mansihar
saputra,uaasprt
sufiyani,yinfusia
muliadi,uiialdm
nuriyati,utnyarii
afrianda,rnfaaadi
suhendri,ndiehurs
slamet,emslat
erna,aner
suherianto,asehournti
sugianti,iinugats
adella,eaadll
kusniah,nusahik
suroso,uorsos
sukati,iktsua
ruswantoro,twrnoauors
slamet,tesaml
suparmi,srpimau
junaeri,najeriu
daryono,dnyaoor
poniyem,emponiy
jaimin,ijinma
rohatun,tnarohu
rosidin,idsiron
suwarti,utwsari
mardiana,adnraami
sumardi,idausmr
surni,rnusi
sutramiati,iaumtsarit
rasman,sranma
nora,aorn
sumono,uomsno
warsini,iarnwsi
sulistiyono,noiitysusol
nirmanto,nntaiorm
rasmini,anmriis
muhyidin,idmyhiun
meriyanti,naimeyitr
jonianto,oinjoatn
mujiati,jimauti
parjo,aorpj
rumsiyah,smauirhy
wagimun,imnwgua
girah,iarhg
sumarno,nromusa
nurimah,mihuanr
hariri,ariihr
yanto,nyota
suranto,tnrsauo
suprihatin,iaturpishn
kasturi,iskraut
epran,paner
suwarsih,wusairsh
sumiati,siiumta
nugroho,ughonro
kusriyati,kysitiaur
miyanto,yiatomn
samiyah,sahayim
masruri,raumrsi
kardi,idrka
sumini,muinsi
diram,mrida
muslimah,simuhaml
suyono,usyoon
rozakiah,arihzaok
supriyadi,ipdsyruia
supiyah,huiyspa
santoso,ssoaton
tumi,timu
mariyamah,mhaiarmya
setiawan,iwaentsa
sutiono,onistuo
nurhayati,ihuarntay
giatno,gnoait
kholipah,hipkaolh
mustofa,asmouft
manisem,asminem
ismanto,isntoam
mabruro,rrabmou
mukaromah,mouahakrm
karno,arkno
asmunah,hmusnaa
tumirah,auhmrti
juminah,mhniaju
masinah,inahsam
kasri,sarik
salami,aasmil
muhyatin,nyuathmi
astriyah,isrtayha
riswanto,oistwnra
suwanter,tsnwerau
sutarsih,irtasshu
sakiyah,hsyakai
nurfajri,fiujanrr
irhamsyah,hhmasayri
faisal,iflaas
eram,raem
khotijah,ajkoihht
marsiti,aisrtmi
narjam,jaarmn
tumiati,itaiumt
chomsin,ncmoish
mutingah,ahngmtui
misdianto,nomditias
nopriyadi,oprdiainy
nafiudin,dniufian
suendik,ikesnud
saputra,parstua
komarudin,nidmuakor
sumarno,unsomar
wagiyo,ogiayw
saim,iams
supingatun,nnisputgau
munawaroh,nromauwah
musaadah,sadahuam
jurianto,ijtaornu
erianto,eartino
suritno,tnoursi
susanti,asstiun
sumari,usimar
suminten,mutnisne
mursino,msonuri
kasyani,ynksaai
mansyur,msayunr
giarsih,aiirgsh
warsini,saniiwr
miseri,sieimr
wartinah,niaahwtr
mujianto,anujmoit
karmidi,akdimri
wilmaini,iiliamwn
sariman,amriasn
parni,parin
sudarmi,amrisud
suparno,aponurs
volint,ltoinv
sarno,snaor
giyem,gieym
andrianto,ntdrainoa
wahidi,dwiiha
jasiah,aasihj
eliyuswisnawaty,lsyauniewyiawts
sukijan,naiksuj
sudarmi,rdmsuia
sodikin,dsinkio
sutinem,miestun
suparlan,larpnasu
sulastri,uarslist
wulandari,uanwaldri
suratman,aansmtur
mucharomatun,umhmtnoauarc
sukarmin,mnuraiks
saniri,iinrsa
nuriah,inhrua
saiman,miansa
surti,rusit
pirawati,wptiarai
triani,tinari
supriani,apnriuis
supratman,arsmtaupn
aziz,aizz
suyoto,otsoyu
binar,nbiar
suwarmin,wsnaiurm
wulandari,uldrniaaw
bastiur,abrstui
yusman,nuaysm
waluyo,yowlau
nuraini,ainnuir
rudianto,uitodran
istiani,ansitii
solehan,oeahnls
komsidah,imhdsaok
solehan,neasloh
suryani,sruaniy
sarno,raons
rubini,nuirbi
pursito,urisopt
saikun,sknaui
sutiti,itsuti
katiman,matnkia
mesinem,semnmie
jumali,ljmaui
suratno,ntsroua
nuramsah,marhusan
mariyauddin,mynraadudii
swarti,itrwas
sudin,idsun
miswen,simwen
winarti,trwanii
samidi,asmiid
paijem,aijmpe
salim,asiml
tukini,kintui
slamet,alsmte
sugianto,saoingut
sutiono,tisunoo
listiani,iilatisn
sumarni,unasrmi
warhan,hawanr
sugiarto,auirgtos
lasmini,lmsaiin
sukadi,kisdua
bintiah,nihaibt
sutiman,tusnaim
ngatini,giatnni
syahrul,rahsyul
ngadinem,aginmnde
muksin,musnki
gino,ogin
nurhayati,aayuihrtn
trisno,soirtn
mahdalena,lhadamane
sucipto,spucoit
asih,hisa
sutrisno,iounrsts
purwati,aripuwt
alfazola,fzlaloaa
alhadmin,amhldain
dahlia,adhila
ismail,smaili
susiati,tisauis
slamet,emlats
sumarno,onmusar
kasmari,aaikmrs
suliati,liitusa
tawirja,twijara
bawiati,baiiwta
rudianto,oadnrtiu
siswanto,ntoswais
handri,drnahi
maisaroh,irahamso
suyadi,uaysdi
suryani,yinusra
sujono,joonsu
marini,nirmia
hadmini,imdhian
murdiansyah,nyasrmiuhda
dewi,iwde
rasidin,adriins
rebo,ebor
kasih,askhi
asim,sami
srini,niisr
mukarom,ramomuk
fauziyah,fayzhaui
muhaimin,iuihnmma
binti,ibitn
misbahatussudury,mduhabusrsysutia
tumirah,airthmu
aisah,shaia
sapin,pnsia
isni,iisn
suprihatin,hiunrpstai
sahid,dsahi
choiriyah,hoariiyhc
sagiman,aiamsgn
sutinah,isatuhn
elisnawati,aitsealinw
sudadi,auddsi
wagino,noaigw
giono,ginoo
ismiyati,stmiiyai
waelan,awaeln
rastina,narstia
sunarti,utisran
ngadiman,ngminaad
sriyatun,raiusytn
jalal,aajll
samsuri,srisuma
ani,nia
nyaman,maanny
rusmiyati,iyrtmausi
tumidjo,ojdiutm
sumarni,runsmai
gunawan,uanangw
indarti,tnridai
sutomo,smootu
mariyem,yiemmar
tumiati,aiiuttm
sutarman,manursta
ponirah,onrpaih
sumarno,muronsa
sunarti,iursnta
hariyono,aoioyhrn
sagiyati,syigtaai
suparmi,apimusr
rubiyati,taibiuyr
paryono,oyonrpa
sukatmi,timkuas
salpiah,laipash
mustaqpirin,mruptniqasi
khairudin,dnrikhaui
sudirman,nrsiduma
jalal,jllaa
samsuri,russmai
ani,ain
nyaman,naaynm
rusmiyati,itusiamyr
tumidjo,tudjmio
sumarni,isrnamu
gunawan,aunawng
indarti,ditrain
sutomo,tosmou
mariyem,yremmai
tumiati,itatimu
sutarman,ranmaust
ponirah,ioranph
sumarno,rumnosa
sunarti,inrtusa
hariyono,yiorahno
sagiyati,yigaaits
suparmi,mrsapui
rubiyati,aybtruii
paryono,poyaron
sukatmi,itsmaku
salpiah,alihpas
mustaqpirin,sqiutpamnir
khairudin,iauindrhk
sudirman,dimausrn
pangidoan,dnanopgia
suwarni,suirnaw
nurliani,iruilnna
rahmat,mratha
yunersen,nnyersue
badriah,bradhia
harisun,ahrsiun
yusuf,yuusf
bukhori,hbkuroi
si'in,i'isn
jaemah,aamjeh
martono,oortnam
sadiah,hdaias
pitriani,ariiitnp
iswadi,iidsaw
paino,ipnoa
sulastri,rsausitl
turhadi,adrthui
konah,khaon
sukirman,kmnrisau
riyanti,itaiynr
rajiman,armijna
leginem,elnemig
suparjo,sprojua
suliyatin,naiytulis
sariman,rinsmaa
tasminah,hnatmias
nafiudin,nuindiaf
ismini,insiim
siswanto,swnstioa
mu'alifah,u'hamiafl
sugianto,ingaoust
niwan,inanw
mustofa,smfutoa
jubadi,bdijua
jumali,imaluj
sudarseh,sadusreh
apriyani,niapaiyr
sutrisno,isusontr
sundari,udnrasi
supriyadi,uydrsaipi
herman,aemnrh
bonem,mebon
siyami,ysiami
suyatno,yntoasu
sriana,aisnra
kasianto,aastnoik
sutrisno,rsnoisut
slamet,astmle
sariani,iarnasi
sukarlan,nrulaska
yatemi,mtiyae
suyatin,tunyias
kasno,nskao
sutanto,asuontt
misriyah,iyrahmsi
sobron,bosrno
rohimin,hrmioin
khusniati,inkatihsu
suyitno,insutyo
yatini,yiatni
ribut,utbir
tentrem,rtemtne
juliman,nimlauj
margani,gaimarn
mujiono,ojnomui
makruf,fakmur
asmani,samain
temen,menet
paino,paoin
napsiyah,ipshayna
suhendro,erohdsun
rojakun,kojnura
kusmiyati,tikmyiusa
tasmiyatun,taiyntsamu
sugianto,sngaouit
remi,rime
supri,sprui
misti,imist
yuliani,iulnyia
sukarman,nksaurma
murjiatun,tjainuurm
suyudi,uydius
hauriatun,nthrauaiu
mursalin,ailsrmun
siswanto,asowsint
legiyem,ygieelm
kamaluddin,uliakddamn
legimin,inmielg
yuliani,uiinlay
wahino,whoani
nurana,naraun
kadirin,irkaind
katmini,itikmna
sumiarsih,uiasirsmh
sorin,irnso
kusningsih,issihnnkug
hasannudin,nauandnhis
mujiriyanto,iaiymojrtun
suparyanto,auonsrtayp
muntofingah,gmtunnhafoi
daiman,mnaaid
ngatini,iatginn
sunaryo,nuarosy
misiyani,iaisniym
suyadi,ayuids
sumono,omnosu
siyamti,amisity
luhimah,hmulahi
juwarno,arwnjou
sulistiyani,siysanuliti
suroto,rtoous
tumirah,uiahtmr
supri,uiprs
suyanto,naystuo
iskandar,nksirada
sangun,usanng
hatoyah,ahoyhta
ismail,isailm
zubaidah,hiadbuza
ruhdi,urdhi
mahara,harmaa
sirma,irams
sholekhan,elskhhoan
suyanto,aysuont
samilatin,nisalamit
kasrun,uskanr
sumilah,sihluam
nurdin,drinnu
kainen,ineakn
arsinawati,asnitrawia
rino,onir
sudarmono,mnuorosda
sulasmi,usilmas
suhadi,dashiu
suryani,nriuasy
daud,duad
rohaya,ohayar
sumidah,duhimas
yusrianto,tuasoriyn
murdiono,iodmounr
maryono,armyono
gumbrik,kgmirub
supinah,iaunhsp
mijan,jmian
suyatun,tasyuun
sugiono,oinogsu
pujiwati,jptiuiaw
rahman,naarhm
nuriatik,iauirknt
mundakir,kduramin
damiyem,dmeiaym
mujahid,muihdja
muspiyah,hmpyauis
misni,misin
suyani,asnyui
salip,iaspl
wariyah,aiyhwra
sunarto,ounarst
pariyadi,piaidary
wahyuni,wnuhyai
yusnani,sainynu
misman,asmmin
dasri,idsra
sumilan,sanluim
maslina,ailmasn
sulanggeng,gnnluesgag
darsini,iirsadn
legimin,emgiinl
sumarni,smaniru
tukinah,tkhunia
isa'atun,uasatin'
wartini,iiwtnra
junaidi,ijanudi
darningsih,rdnisanhig
supriyanto,ianosryutp
muslimah,auilsmhm
saminah,asiamhn
asnawati,awisatan
jumar,arjum
kamiah,imakah
hermawan,wmahaern
mudarman,amnrdamu
wahyudi,ywudiha
darmi,adimr
suwandi,diuwsna
satriaman,aiatasrnm
sudaryanto,rtsyanaudo
suparmi,rpasimu
sarno,srnoa
sariji,asirij
karno,rakon
ngatina,nanaigt
sabar,rabsa
wagiman,amngiwa
ratmini,artnimi
wahyudi,uhwiday
sumarno,moasurn
sapudin,ansduip
suherman,urhamnes
indriyani,niidynair
hendriyanto,tnaiydnhoer
mujiatun,taujuimn
sukini,uikisn
karisun,nskauir
ro'is,i'sor
jamaludin,liadmajun
darmawan,wramanad
mujiana,njmaaiu
aminah,inamha
aspuri,uiaprs
mamiati,mmiiata
riswanto,otsanwir
sanem,senam
mujiono,onjiumo
suprapti,iraptusp
sutar,strau
suratin,untaris
suparman,mansrapu
emrizal,lemiazr
rosid,osdri
ismiyati,aistiymi
marsudin,madrinus
sugini,iginsu
mistin,mntisi
sulistiono,sioniouslt
ridwan,irdnaw
sulasmi,salmisu
poniman,npmaion
sufitria,ftsuarii
muslim,lumsim
legiani,iiaelng
sarmin,snrmia
baniyah,inhyaab
ponijan,onpjina
qomariyah,hmoqayari
suherman,emanhsru
fatmawati,wafiattma
paiman,aainmp
herman,aermhn
siyono,yonsoi
winarsih,ihswniar
kuniran,ianrkun
khuzaimah,khzmhaiau
maryani,armayni
sutarmi,mrtsuai
wasirah,warhisa
suyud,dysuu
katmini,itiknma
mustakim,mkaistmu
muhyadi,amyduih
muhni,umhin
maniso,oamsni
sutopo,uotops
jaimah,haimja
sukirlan,nksuiarl
andra,dnaar
wagirin,grwinai
suyadi,idyusa
sunarti,natuirs
prayitno,tpyornai
muhsin,unihsm
khotimah,ihatomhk
suparno,oparnsu
slamet,taselm
sujarman,rsnaumaj
witono,nowito
hatini,aiihtn
supriyanto,sinruyaotp
sutinah,naiusht
mulyana,yanmlau
susilowati,tswailusoi
suparno,srpauon
rasmo,mosra
sungkono,unnkgoso
sumiati,imatius
tarun,ntrau
solihatin,solthniai
girin,ignir
samijem,mmjaies
sukarmin,srminauk
nasib,anbsi
yatini,iytnai
nurhalipah,paliurhahn
nurhalimah,ahlumrinha
mufiroh,houirmf
marwan,anarwm
sunarti,itrauns
tumiran,trinuam
juwariyah,awahrujiy
sudarmono,onsmraodu
sutarini,iiuatrsn
samijo,omjsai
mawarni,rnmaawi
sucipto,pisutco
nursyamsi,ismynarus
ngadini,ngdaiin
hadimah,hdmaahi
sukandi,kusiadn
eem,mee
